"Registrar Name","IANA Number","Country/Territory","Public Contact","Link"
"A+ Hosting, Inc. DBA ServerPoint.com",4325,"United States of America","Pedro Nieto Cruz +1 7022043296 peter@serverpoint.com","http://serverpoint.com"
"AB RIKTAD",1435,"Sweden","Yngve Josefsson +46 522777999 info@itconnect.se","http://www.riktad.com"
"Abansys & Hostytec, S.L.",1396,"Spain","Abansys & Hostytec, S.L. +34 902999019 icann@abansysandhostytec.com","http://www.abansys.com"
"Abbey Road Domains LLC",3796,"United States of America","Customer Service +1 8886429675 customerservice@newfold.com","http://www.networksolutions.com"
"Abion AB",73,"Sweden","Customer Service +46 317202000 support@abion.com","https://abion.com/"
"Above.com Pty Ltd.",940,"Australia","David Warmuz +61 395897946 hostmaster@above.com","http://www.above.com"
"AC Webconnecting N.V. DBA domain.cam",3785,"Curaçao","Andrei Dumitriu +40 724375370 andrei@acwebconnecting.com","http://www.domain.cam"
"AccentDomains LLC",1613,"United States of America","Andrew Reberry +1 3038930547 support@namebright.com","http://www.namebright.com"
"Access Japan Co, Ltd. dba REGne (www.regne.net)",3854,"Japan","Customer Service +81 5031451230 info@access-reg.com","https://www.regne.net"
"Acens Technologies, S.L.U.",140,"Spain","Cecilia Moreano +34 00 34 900103293 dominios@acens.com","http://www.acens.com"
"Aceville Pte. Ltd.",3858,"Singapore","Lu Sijia +86 18910162442 linasjlu@tencent.com","https://www.dnspod.com"
"Aconcagua Domains LLC",3797,"United States of America","Customer Service +1 8886429675 customerservice@newfold.com","http://www.networksolutions.com"
"AcquiredNames LLC",1677,"United States of America","Andrew Reberry +1 3038930547 support@namebright.com","http://www.namebright.com"
"Active Market Domains LLC",3798,"United States of America","Customer Service +1 8886429675 customerservice@newfold.com","http://www.networksolutions.com"
"Active.Domains Limited Liability Company",3866,"Russian Federation","Ilya Krukover +7 4012971202 support@active.domains","https://active.domains/"
"Ad Valorem Domains, LLC",2329,"United States of America","Customer Service +1 8886429675 customerservice@newfold.com","http://www.networksolutions.com"
"Address Creation, LLC",270,"United States of America","Customer Service +1 8886429675 customerservice@newfold.com","http://www.addresscreation.com"
"Addressontheweb, LLC",851,"United States of America","Customer Service +1 8886429675 customerservice@newfold.com","http://www.addressontheweb.com"
"Adomainofyourown.com LLC",1158,"United States of America","Customer Service +1 8886429675 customerservice@newfold.com","http://www.networksolutions.com"
"Adriatic Domains LLC",3799,"United States of America","Customer Service +1 8886429675 customerservice@newfold.com","http://www.networksolutions.com"
"Advanced Internet Technologies, Inc. (AIT)",57,"United States of America","Byron Briggs +1 9103211200 icanncompliance@ait.com","http://www.ait.com"
"Aegean Domains LLC",3800,"United States of America","Customer Service +1 8886429675 customerservice@newfold.com","http://www.networksolutions.com"
"Aerotek Bilisim Sanayi ve Ticaret AS",1534,"Türkiye","Dogan Ender Yenice +90 2623245555 public@aerotek.com.tr","https://www.turhost.com/domain/"
"AF Proxy Services Ltd",3794,"South Africa","Simla Budhu +27 825750926 legal@afproxy.africa","http://www.afproxy.africa"
"AFRIREGISTER S.A.",1381,"Burundi","Jonathan Gahamanyi +257 76823800 corporate@afriregister.com","http://www.afriregister.com"
"Afterdark Domains, LLC",922,"United States of America","Customer Service +1 8886429675 customerservice@newfold.com","http://www.networksolutions.com"
"Akky Online Solutions, S.A. de C.V.",1705,"Mexico","Martha Grimaldo +52 8188642626 mgrimaldo@akky.mx","http://www.akky.mx"
"Alantron Inc.",898,"United States of America","Alantron Destek +90 2166062915 destek@alantron.com","http://www.alantron.com"
"Alboran Domains LLC",3807,"United States of America","Customer Service +1 8886429675 customerservice@newfold.com","http://www.networksolutions.com"
"Alethia Domains, LLC",2330,"United States of America","Customer Service +1 8886429675 customerservice@newfold.com","http://www.networksolutions.com"
"Alfena, LLC",1241,"United States of America","Stevan Lieberman +1 2026257016 president@alfena.com","http://www.alfena.com"
"Alibaba Cloud Computing (Beijing) Co., Ltd.",420,"China","HiChina Zhicheng Technology Limited +86 1065985888 regsupport@list.alibaba-inc.com","http://www.net.cn"
"Alibaba Cloud Computing Ltd. d/b/a HiChina (www.net.cn)",1599,"China","Ali Yun +86 1065985888 regsupport@list.alibaba-inc.com","http://wanwang.aliyun.com"
"Alibaba Cloud US LLC",3819,"United States of America","Alibaba Cloud +86 15011187007 regsupport@list.alibaba-inc.com","http://www.alibabacloud.com"
"All Domains LLC",2806,"United States of America","Customer Service +1 8886429675 customerservice@newfold.com","http://www.networksolutions.com"
"Allaccessdomains, LLC",850,"United States of America","Customer Service +1 8886429675 customerservice@newfold.com","http://www.allaccessdomains.com"
"Alldomains, LLC",144,"United States of America","Customer Service +1 8886429675 customerservice@newfold.com","http://www.alldomains.com"
"Allearthdomains.com LLC",1159,"United States of America","Customer Service +1 8886429675 customerservice@newfold.com","http://www.networksolutions.com"
"Allworldnames.com LLC",1167,"United States of America","Customer Service +1 8886429675 customerservice@newfold.com","http://www.networksolutions.com"
"Alpha Beta Domains LLC",3808,"United States of America","Customer Service +1 8886429675 customerservice@newfold.com","http://www.networksolutions.com"
"Alpine Domains Inc.",1432,"Canada","Registrar Manager +1 6042887779 registrar@alpinedomains.com","http://www.alpinedomains.com"
"Amazon Domain Registrar US LLC",4316,"United States of America","Amazon Domain +1 2062664064 adrmanagement@amazon.com","https://domains.amazon"
"Amazon Registrar, Inc.",468,"United States of America","Gregory DiBiase +1 3107484560 registrar@amazon.com","http://registrar.amazon.com"
"Anessia, LLC",1594,"United States of America","Customer Service +1 8886429675 customerservice@newfold.com","http://www.networksolutions.com"
"Annapurna Domains LLC",3809,"United States of America","Customer Service +1 8886429675 customerservice@newfold.com","http://www.networksolutions.com"
"Annulet LLC",607,"United States of America","Customer Service +1 8886429675 customerservice@newfold.com","http://www.annulet.com"
"Anytime Sites, LLC",829,"India","Domain Manager +1 2013775952 tldadmin@logicboxes.com","http://www.anytimesites.com"
"AppCroNix Infotech Private Limited, d/b/a VEBONIX",3844,"India","Pritam Pawar +91 7510252525x9 info@vebonix.com","http://www.vebonix.com"
"April Sea Corporation Company Limited",1475,"Viet Nam","Khoi Nguyen +84 822423641 admin@maprilis.net","http://maprilis.net"
"Aquarius Domains, LLC",2226,"United States of America","Customer Service +1 8886429675 customerservice@newfold.com","http://www.networksolutions.com"
"Aquila Domains LLC",3810,"United States of America","Customer Service +1 8886429675 customerservice@newfold.com","http://www.networksolutions.com"
"Arab Internet Names, LLC",902,"United States of America","Customer Service +1 8886429675 customerservice@newfold.com","http://www.networksolutions.com"
"Arcanes Technologies",3245,"Morocco","Amine RIADI +212 522491944 support@heberjahiz.com","http://www.heberjahiz.com"
"Arsys Internet, S.L. dba NICLINE.COM",379,"Spain","Monica Cayuela +34 941620100 domainnames@arsys.es","https://www.arsys.es"
"Aruba SpA",896,"Italy","Stefano Cecconi +39 0575050607 priority@staff.aruba.it","http://www.aruba.it"
"Ascio Technologies, Inc. Danmark - Filial af Ascio technologies, Inc. USA",106,"Denmark","Ashley La Bolle +49 2283296840 nicrelations@ascio.com","http://ascio.com"
"AsiaDomains, LLC",903,"United States of America","Customer Service +1 8886429675 customerservice@newfold.com","http://www.networksolutions.com"
"Atak Domain Bilgi Teknolojileri A.Ş.",1601,"Türkiye","Bahaddin Yazici +90 011902623259222 byazici@atakteknoloji.com","http://www.atakdomain.com"
"ATI",1896,"Tunisia","chamseddine riahi +216 97443012 chams@ati.tn","http://www.ati.tn"
"AtlanticDomains, LLC",1670,"United States of America","Customer Service +1 8886429675 customerservice@newfold.com","http://www.networksolutions.com"
"AtlanticFriendNames.com LLC",1157,"United States of America","Customer Service +1 8886429675 customerservice@newfold.com","http://www.networksolutions.com"
"Atomicdomainnames.com LLC",1160,"United States of America","Customer Service +1 8886429675 customerservice@newfold.com","http://www.networksolutions.com"
"Australe Domains LLC",3811,"United States of America","Customer Service +1 8886429675 customerservice@newfold.com","http://www.networksolutions.com"
"Austriadomains, LLC",853,"United States of America","Customer Service +1 8886429675 customerservice@newfold.com","http://www.austriadomains.com"
"Austriandomains, LLC",885,"United States of America","Customer Service +1 8886429675 customerservice@newfold.com","http://www.austriandomains.com"
"Authentic Web Inc.",1750,"Canada","Domain Administrator +1 4165833770 info@authenticweb.com","http://www.authenticweb.com"
"Automattic Inc.",1531,"United States of America","WordPress.com Support +1 8772733049 help@wordpress.com","http://www.wordpress.com"
"AvidDomain LLC",1695,"United States of America","Andrew Reberry +1 3038930547 support@namebright.com","http://www.namebright.com"
"Azdomainz, LLC",1391,"United States of America","Customer Service +1 8886429675 customerservice@newfold.com","http://www.azdomainz.com"
"Azprivatez, LLC",1392,"United States of America","Customer Service +1 8886429675 customerservice@newfold.com","http://www.azprivatez.com"